<?xml version="1.0" encoding="UTF-8"?>
<project-private xmlns="http://www.netbeans.org/ns/project-private/1">
    <editor-bookmarks xmlns="http://www.netbeans.org/ns/editor-bookmarks/2" lastBookmarkId="0"/>
    <open-files xmlns="http://www.netbeans.org/ns/projectui-open-files/2">
        <group>
            <file>file:/C:/Users/Ryan/Downloads/ProjetoPITudoJUnto%20(1)/PrimeiraTelaDisp/src/visao/TelaMovimentacao.java</file>
            <file>file:/C:/Users/Ryan/Downloads/ProjetoPITudoJUnto%20(1)/PrimeiraTelaDisp/src/visao/TelaDispesa.java</file>
            <file>file:/C:/Users/Ryan/Downloads/ProjetoPITudoJUnto%20(1)/PrimeiraTelaDisp/src/controle/TipoDespesaControle.java</file>
            <file>file:/C:/Users/Ryan/Downloads/ProjetoPITudoJUnto%20(1)/PrimeiraTelaDisp/src/controle/VeiculoControle.java</file>
            <file>file:/C:/Users/Ryan/Downloads/ProjetoPITudoJUnto%20(1)/PrimeiraTelaDisp/src/visao/TelaCadrastroVeiculos.java</file>
            <file>file:/C:/Users/Ryan/Downloads/ProjetoPITudoJUnto%20(1)/PrimeiraTelaDisp/src/controle/MovimentacaoControle.java</file>
            <file>file:/C:/Users/Ryan/Downloads/ProjetoPITudoJUnto%20(1)/PrimeiraTelaDisp/src/bancodedados/Veiculos.txt</file>
            <file>file:/C:/Users/Ryan/Downloads/ProjetoPITudoJUnto%20(1)/PrimeiraTelaDisp/src/persistencia/VeiculosDAO.java</file>
            <file>file:/C:/Users/Ryan/Downloads/ProjetoPITudoJUnto%20(1)/PrimeiraTelaDisp/src/visao/TelaRelatorios.java</file>
        </group>
    </open-files>
</project-private>
